INSERT INTO "Transaction" ("id","amount","currency","date","investorId","financialYearId","withdrawSource","type","withdrawFromAmount","status") VALUES (480,395.5184539143174,'USD','2025-09-11T20:00:16.383Z',266,77,NULL,'PROFIT',NULL,'PENDING');
INSERT INTO "Transaction" ("id","amount","currency","date","investorId","financialYearId","withdrawSource","type","withdrawFromAmount","status") VALUES (481,97.29676438989905,'USD','2025-09-11T20:00:16.427Z',267,77,NULL,'PROFIT',NULL,'PENDING');
INSERT INTO "Transaction" ("id","amount","currency","date","investorId","financialYearId","withdrawSource","type","withdrawFromAmount","status") VALUES (482,342.7568176249741,'USD','2025-09-11T20:00:16.469Z',268,77,NULL,'PROFIT',NULL,'PENDING');
INSERT INTO "Transaction" ("id","amount","currency","date","investorId","financialYearId","withdrawSource","type","withdrawFromAmount","status") VALUES (483,61.03121520163211,'USD','2025-09-11T20:00:16.512Z',269,77,NULL,'PROFIT',NULL,'PENDING');
INSERT INTO "Transaction" ("id","amount","currency","date","investorId","financialYearId","withdrawSource","type","withdrawFromAmount","status") VALUES (484,122.3208547442733,'USD','2025-09-11T20:00:16.556Z',270,77,NULL,'PROFIT',NULL,'PENDING');
INSERT INTO "Transaction" ("id","amount","currency","date","investorId","financialYearId","withdrawSource","type","withdrawFromAmount","status") VALUES (485,418.9058567756344,'USD','2025-09-11T20:00:16.598Z',271,77,NULL,'PROFIT',NULL,'PENDING');
INSERT INTO "Transaction" ("id","amount","currency","date","investorId","financialYearId","withdrawSource","type","withdrawFromAmount","status") VALUES (486,194.2058922682845,'USD','2025-09-11T20:00:16.645Z',272,77,NULL,'PROFIT',NULL,'PENDING');
INSERT INTO "Transaction" ("id","amount","currency","date","investorId","financialYearId","withdrawSource","type","withdrawFromAmount","status") VALUES (487,130.0735849745441,'USD','2025-09-11T20:00:16.688Z',273,77,NULL,'PROFIT',NULL,'PENDING');
INSERT INTO "Transaction" ("id","amount","currency","date","investorId","financialYearId","withdrawSource","type","withdrawFromAmount","status") VALUES (488,409.5595097758079,'USD','2025-09-11T20:00:16.730Z',274,77,NULL,'PROFIT',NULL,'PENDING');
INSERT INTO "Transaction" ("id","amount","currency","date","investorId","financialYearId","withdrawSource","type","withdrawFromAmount","status") VALUES (489,194.0336093742785,'USD','2025-09-11T20:00:16.773Z',275,77,NULL,'PROFIT',NULL,'PENDING');
INSERT INTO "Transaction" ("id","amount","currency","date","investorId","financialYearId","withdrawSource","type","withdrawFromAmount","status") VALUES (490,196.9193478488793,'USD','2025-09-11T20:00:16.816Z',276,77,NULL,'PROFIT',NULL,'PENDING');
INSERT INTO "Transaction" ("id","amount","currency","date","investorId","financialYearId","withdrawSource","type","withdrawFromAmount","status") VALUES (491,144.8037724120587,'USD','2025-09-11T20:00:16.860Z',277,77,NULL,'PROFIT',NULL,'PENDING');
INSERT INTO "Transaction" ("id","amount","currency","date","investorId","financialYearId","withdrawSource","type","withdrawFromAmount","status") VALUES (492,30.14950645105327,'USD','2025-09-11T20:00:16.903Z',278,77,NULL,'PROFIT',NULL,'PENDING');
INSERT INTO "Transaction" ("id","amount","currency","date","investorId","financialYearId","withdrawSource","type","withdrawFromAmount","status") VALUES (493,236.7166963642697,'USD','2025-09-11T20:00:16.945Z',279,77,NULL,'PROFIT',NULL,'PENDING');
INSERT INTO "Transaction" ("id","amount","currency","date","investorId","financialYearId","withdrawSource","type","withdrawFromAmount","status") VALUES (494,407.8366808357478,'USD','2025-09-11T20:00:16.987Z',280,77,NULL,'PROFIT',NULL,'PENDING');
INSERT INTO "Transaction" ("id","amount","currency","date","investorId","financialYearId","withdrawSource","type","withdrawFromAmount","status") VALUES (495,89.71631705363423,'USD','2025-09-11T20:00:17.041Z',281,77,NULL,'PROFIT',NULL,'PENDING');
INSERT INTO "Transaction" ("id","amount","currency","date","investorId","financialYearId","withdrawSource","type","withdrawFromAmount","status") VALUES (496,283.4484313634022,'USD','2025-09-11T20:00:17.084Z',282,77,NULL,'PROFIT',NULL,'PENDING');
INSERT INTO "Transaction" ("id","amount","currency","date","investorId","financialYearId","withdrawSource","type","withdrawFromAmount","status") VALUES (497,24.33495877835014,'USD','2025-09-11T20:00:17.130Z',283,77,NULL,'PROFIT',NULL,'PENDING');
INSERT INTO "Transaction" ("id","amount","currency","date","investorId","financialYearId","withdrawSource","type","withdrawFromAmount","status") VALUES (498,227.1549957469356,'USD','2025-09-11T20:00:17.174Z',284,77,NULL,'PROFIT',NULL,'PENDING');
INSERT INTO "Transaction" ("id","amount","currency","date","investorId","financialYearId","withdrawSource","type","withdrawFromAmount","status") VALUES (499,173.4888742640608,'USD','2025-09-11T20:00:17.216Z',285,77,NULL,'PROFIT',NULL,'PENDING');
INSERT INTO "Transaction" ("id","amount","currency","date","investorId","financialYearId","withdrawSource","type","withdrawFromAmount","status") VALUES (500,358.9083389380384,'USD','2025-09-11T20:00:17.257Z',286,77,NULL,'PROFIT',NULL,'PENDING');
INSERT INTO "Transaction" ("id","amount","currency","date","investorId","financialYearId","withdrawSource","type","withdrawFromAmount","status") VALUES (501,425.7541018123737,'USD','2025-09-11T20:00:17.299Z',287,77,NULL,'PROFIT',NULL,'PENDING');
INSERT INTO "Transaction" ("id","amount","currency","date","investorId","financialYearId","withdrawSource","type","withdrawFromAmount","status") VALUES (502,63.48624644121788,'USD','2025-09-11T20:00:17.343Z',315,77,NULL,'PROFIT',NULL,'PENDING');
INSERT INTO "Transaction" ("id","amount","currency","date","investorId","financialYearId","withdrawSource","type","withdrawFromAmount","status") VALUES (503,45.91542608993476,'USD','2025-09-11T20:00:17.384Z',288,77,NULL,'PROFIT',NULL,'PENDING');
INSERT INTO "Transaction" ("id","amount","currency","date","investorId","financialYearId","withdrawSource","type","withdrawFromAmount","status") VALUES (504,152.2119368543175,'USD','2025-09-11T20:00:17.425Z',289,77,NULL,'PROFIT',NULL,'PENDING');
INSERT INTO "Transaction" ("id","amount","currency","date","investorId","financialYearId","withdrawSource","type","withdrawFromAmount","status") VALUES (505,266.6939199213169,'USD','2025-09-11T20:00:17.466Z',290,77,NULL,'PROFIT',NULL,'PENDING');
INSERT INTO "Transaction" ("id","amount","currency","date","investorId","financialYearId","withdrawSource","type","withdrawFromAmount","status") VALUES (506,179.9177732408819,'USD','2025-09-11T20:00:17.508Z',291,77,NULL,'PROFIT',NULL,'PENDING');
INSERT INTO "Transaction" ("id","amount","currency","date","investorId","financialYearId","withdrawSource","type","withdrawFromAmount","status") VALUES (507,77.69958519671442,'USD','2025-09-11T20:00:17.549Z',292,77,NULL,'PROFIT',NULL,'PENDING');
INSERT INTO "Transaction" ("id","amount","currency","date","investorId","financialYearId","withdrawSource","type","withdrawFromAmount","status") VALUES (508,114.1357215812117,'USD','2025-09-11T20:00:17.592Z',293,77,NULL,'PROFIT',NULL,'PENDING');
INSERT INTO "Transaction" ("id","amount","currency","date","investorId","financialYearId","withdrawSource","type","withdrawFromAmount","status") VALUES (509,255.4093903639227,'USD','2025-09-11T20:00:17.635Z',294,77,NULL,'PROFIT',NULL,'PENDING');
INSERT INTO "Transaction" ("id","amount","currency","date","investorId","financialYearId","withdrawSource","type","withdrawFromAmount","status") VALUES (510,170.2154992779464,'USD','2025-09-11T20:00:17.678Z',295,77,NULL,'PROFIT',NULL,'PENDING');
INSERT INTO "Transaction" ("id","amount","currency","date","investorId","financialYearId","withdrawSource","type","withdrawFromAmount","status") VALUES (511,396.1214440433384,'USD','2025-09-11T20:00:17.720Z',296,77,NULL,'PROFIT',NULL,'PENDING');
INSERT INTO "Transaction" ("id","amount","currency","date","investorId","financialYearId","withdrawSource","type","withdrawFromAmount","status") VALUES (512,128.6522510989944,'USD','2025-09-11T20:00:17.765Z',297,77,NULL,'PROFIT',NULL,'PENDING');
INSERT INTO "Transaction" ("id","amount","currency","date","investorId","financialYearId","withdrawSource","type","withdrawFromAmount","status") VALUES (513,175.0824910336165,'USD','2025-09-11T20:00:17.807Z',298,77,NULL,'PROFIT',NULL,'PENDING');
INSERT INTO "Transaction" ("id","amount","currency","date","investorId","financialYearId","withdrawSource","type","withdrawFromAmount","status") VALUES (514,133.820737919175,'USD','2025-09-11T20:00:17.847Z',299,77,NULL,'PROFIT',NULL,'PENDING');
INSERT INTO "Transaction" ("id","amount","currency","date","investorId","financialYearId","withdrawSource","type","withdrawFromAmount","status") VALUES (515,222.1587918207611,'USD','2025-09-11T20:00:17.888Z',300,77,NULL,'PROFIT',NULL,'PENDING');
INSERT INTO "Transaction" ("id","amount","currency","date","investorId","financialYearId","withdrawSource","type","withdrawFromAmount","status") VALUES (516,153.3317756653566,'USD','2025-09-11T20:00:17.934Z',301,77,NULL,'PROFIT',NULL,'PENDING');
INSERT INTO "Transaction" ("id","amount","currency","date","investorId","financialYearId","withdrawSource","type","withdrawFromAmount","status") VALUES (517,103.7143021916232,'USD','2025-09-11T20:00:17.979Z',302,77,NULL,'PROFIT',NULL,'PENDING');
INSERT INTO "Transaction" ("id","amount","currency","date","investorId","financialYearId","withdrawSource","type","withdrawFromAmount","status") VALUES (518,123.6129764493184,'USD','2025-09-11T20:00:18.022Z',303,77,NULL,'PROFIT',NULL,'PENDING');
INSERT INTO "Transaction" ("id","amount","currency","date","investorId","financialYearId","withdrawSource","type","withdrawFromAmount","status") VALUES (519,376.0935576151388,'USD','2025-09-11T20:00:18.064Z',304,77,NULL,'PROFIT',NULL,'PENDING');
INSERT INTO "Transaction" ("id","amount","currency","date","investorId","financialYearId","withdrawSource","type","withdrawFromAmount","status") VALUES (520,201.7001981575463,'USD','2025-09-11T20:00:18.106Z',305,77,NULL,'PROFIT',NULL,'PENDING');
INSERT INTO "Transaction" ("id","amount","currency","date","investorId","financialYearId","withdrawSource","type","withdrawFromAmount","status") VALUES (521,11.62909534540626,'USD','2025-09-11T20:00:18.148Z',306,77,NULL,'PROFIT',NULL,'PENDING');
INSERT INTO "Transaction" ("id","amount","currency","date","investorId","financialYearId","withdrawSource","type","withdrawFromAmount","status") VALUES (522,8.48493252979642,'USD','2025-09-11T20:00:18.190Z',307,77,NULL,'PROFIT',NULL,'PENDING');
INSERT INTO "Transaction" ("id","amount","currency","date","investorId","financialYearId","withdrawSource","type","withdrawFromAmount","status") VALUES (523,200.1496521114922,'USD','2025-09-11T20:00:18.234Z',308,77,NULL,'PROFIT',NULL,'PENDING');
INSERT INTO "Transaction" ("id","amount","currency","date","investorId","financialYearId","withdrawSource","type","withdrawFromAmount","status") VALUES (524,414.857208766493,'USD','2025-09-11T20:00:18.279Z',309,77,NULL,'PROFIT',NULL,'PENDING');
INSERT INTO "Transaction" ("id","amount","currency","date","investorId","financialYearId","withdrawSource","type","withdrawFromAmount","status") VALUES (525,260.7932308016108,'USD','2025-09-11T20:00:18.323Z',310,77,NULL,'PROFIT',NULL,'PENDING');
INSERT INTO "Transaction" ("id","amount","currency","date","investorId","financialYearId","withdrawSource","type","withdrawFromAmount","status") VALUES (526,37.08389293479552,'USD','2025-09-11T20:00:18.363Z',311,77,NULL,'PROFIT',NULL,'PENDING');
INSERT INTO "Transaction" ("id","amount","currency","date","investorId","financialYearId","withdrawSource","type","withdrawFromAmount","status") VALUES (527,426.9170113469143,'USD','2025-09-11T20:00:18.405Z',313,77,NULL,'PROFIT',NULL,'PENDING');
INSERT INTO "Transaction" ("id","amount","currency","date","investorId","financialYearId","withdrawSource","type","withdrawFromAmount","status") VALUES (528,335.1763702887093,'USD','2025-09-11T20:00:18.445Z',314,77,NULL,'PROFIT',NULL,'PENDING');
INSERT INTO "Transaction" ("id","amount","currency","date","investorId","financialYearId","withdrawSource","type","withdrawFromAmount","status") VALUES (532,10000,'USD','2025-09-11T22:01:02.869Z',318,NULL,NULL,'DEPOSIT',0,'PENDING');
INSERT INTO "Transaction" ("id","amount","currency","date","investorId","financialYearId","withdrawSource","type","withdrawFromAmount","status") VALUES (381,9183,'USD','2021-01-20T22:00:00.000Z',266,NULL,NULL,'DEPOSIT',NULL,'PENDING');
INSERT INTO "Transaction" ("id","amount","currency","date","investorId","financialYearId","withdrawSource","type","withdrawFromAmount","status") VALUES (382,2259,'USD','2022-01-02T22:00:00.000Z',267,NULL,NULL,'DEPOSIT',NULL,'PENDING');
INSERT INTO "Transaction" ("id","amount","currency","date","investorId","financialYearId","withdrawSource","type","withdrawFromAmount","status") VALUES (383,7958,'USD','2020-05-17T22:00:00.000Z',268,NULL,NULL,'DEPOSIT',NULL,'PENDING');
INSERT INTO "Transaction" ("id","amount","currency","date","investorId","financialYearId","withdrawSource","type","withdrawFromAmount","status") VALUES (384,1417,'USD','2020-05-12T22:00:00.000Z',269,NULL,NULL,'DEPOSIT',NULL,'PENDING');
INSERT INTO "Transaction" ("id","amount","currency","date","investorId","financialYearId","withdrawSource","type","withdrawFromAmount","status") VALUES (385,2840,'USD','2021-11-11T22:00:00.000Z',270,NULL,NULL,'DEPOSIT',NULL,'PENDING');
INSERT INTO "Transaction" ("id","amount","currency","date","investorId","financialYearId","withdrawSource","type","withdrawFromAmount","status") VALUES (386,9726,'USD','2023-05-12T21:00:00.000Z',271,NULL,NULL,'DEPOSIT',NULL,'PENDING');
INSERT INTO "Transaction" ("id","amount","currency","date","investorId","financialYearId","withdrawSource","type","withdrawFromAmount","status") VALUES (387,4509,'USD','2024-09-25T21:00:00.000Z',272,NULL,NULL,'DEPOSIT',NULL,'PENDING');
INSERT INTO "Transaction" ("id","amount","currency","date","investorId","financialYearId","withdrawSource","type","withdrawFromAmount","status") VALUES (388,3020,'USD','2020-06-04T22:00:00.000Z',273,NULL,NULL,'DEPOSIT',NULL,'PENDING');
INSERT INTO "Transaction" ("id","amount","currency","date","investorId","financialYearId","withdrawSource","type","withdrawFromAmount","status") VALUES (389,9509,'USD','2024-11-22T22:00:00.000Z',274,NULL,NULL,'DEPOSIT',NULL,'PENDING');
INSERT INTO "Transaction" ("id","amount","currency","date","investorId","financialYearId","withdrawSource","type","withdrawFromAmount","status") VALUES (390,4505,'USD','2024-09-15T21:00:00.000Z',275,NULL,NULL,'DEPOSIT',NULL,'PENDING');
INSERT INTO "Transaction" ("id","amount","currency","date","investorId","financialYearId","withdrawSource","type","withdrawFromAmount","status") VALUES (391,4572,'USD','2021-11-09T22:00:00.000Z',276,NULL,NULL,'DEPOSIT',NULL,'PENDING');
INSERT INTO "Transaction" ("id","amount","currency","date","investorId","financialYearId","withdrawSource","type","withdrawFromAmount","status") VALUES (392,3362,'USD','2022-03-31T22:00:00.000Z',277,NULL,NULL,'DEPOSIT',NULL,'PENDING');
INSERT INTO "Transaction" ("id","amount","currency","date","investorId","financialYearId","withdrawSource","type","withdrawFromAmount","status") VALUES (393,700,'USD','2023-09-28T21:00:00.000Z',278,NULL,NULL,'DEPOSIT',NULL,'PENDING');
INSERT INTO "Transaction" ("id","amount","currency","date","investorId","financialYearId","withdrawSource","type","withdrawFromAmount","status") VALUES (394,5496,'USD','2020-01-12T22:00:00.000Z',279,NULL,NULL,'DEPOSIT',NULL,'PENDING');
INSERT INTO "Transaction" ("id","amount","currency","date","investorId","financialYearId","withdrawSource","type","withdrawFromAmount","status") VALUES (395,9469,'USD','2023-11-06T22:00:00.000Z',280,NULL,NULL,'DEPOSIT',NULL,'PENDING');
INSERT INTO "Transaction" ("id","amount","currency","date","investorId","financialYearId","withdrawSource","type","withdrawFromAmount","status") VALUES (396,2083,'USD','2022-04-07T22:00:00.000Z',281,NULL,NULL,'DEPOSIT',NULL,'PENDING');
INSERT INTO "Transaction" ("id","amount","currency","date","investorId","financialYearId","withdrawSource","type","withdrawFromAmount","status") VALUES (397,6581,'USD','2022-11-16T22:00:00.000Z',282,NULL,NULL,'DEPOSIT',NULL,'PENDING');
INSERT INTO "Transaction" ("id","amount","currency","date","investorId","financialYearId","withdrawSource","type","withdrawFromAmount","status") VALUES (398,565,'USD','2022-07-13T22:00:00.000Z',283,NULL,NULL,'DEPOSIT',NULL,'PENDING');
INSERT INTO "Transaction" ("id","amount","currency","date","investorId","financialYearId","withdrawSource","type","withdrawFromAmount","status") VALUES (399,5274,'USD','2020-06-21T22:00:00.000Z',284,NULL,NULL,'DEPOSIT',NULL,'PENDING');
INSERT INTO "Transaction" ("id","amount","currency","date","investorId","financialYearId","withdrawSource","type","withdrawFromAmount","status") VALUES (400,4028,'USD','2022-05-07T22:00:00.000Z',285,NULL,NULL,'DEPOSIT',NULL,'PENDING');
INSERT INTO "Transaction" ("id","amount","currency","date","investorId","financialYearId","withdrawSource","type","withdrawFromAmount","status") VALUES (401,8333,'USD','2024-12-17T22:00:00.000Z',286,NULL,NULL,'DEPOSIT',NULL,'PENDING');
INSERT INTO "Transaction" ("id","amount","currency","date","investorId","financialYearId","withdrawSource","type","withdrawFromAmount","status") VALUES (402,9885,'USD','2020-05-04T22:00:00.000Z',287,NULL,NULL,'DEPOSIT',NULL,'PENDING');
INSERT INTO "Transaction" ("id","amount","currency","date","investorId","financialYearId","withdrawSource","type","withdrawFromAmount","status") VALUES (403,6154,'USD','2025-07-29T21:00:00.000Z',288,NULL,NULL,'DEPOSIT',NULL,'PENDING');
INSERT INTO "Transaction" ("id","amount","currency","date","investorId","financialYearId","withdrawSource","type","withdrawFromAmount","status") VALUES (404,3534,'USD','2021-01-09T22:00:00.000Z',289,NULL,NULL,'DEPOSIT',NULL,'PENDING');
INSERT INTO "Transaction" ("id","amount","currency","date","investorId","financialYearId","withdrawSource","type","withdrawFromAmount","status") VALUES (405,6192,'USD','2022-06-15T22:00:00.000Z',290,NULL,NULL,'DEPOSIT',NULL,'PENDING');
INSERT INTO "Transaction" ("id","amount","currency","date","investorId","financialYearId","withdrawSource","type","withdrawFromAmount","status") VALUES (406,4935,'USD','2025-02-08T22:00:00.000Z',291,NULL,NULL,'DEPOSIT',NULL,'PENDING');
INSERT INTO "Transaction" ("id","amount","currency","date","investorId","financialYearId","withdrawSource","type","withdrawFromAmount","status") VALUES (407,1804,'USD','2020-12-26T22:00:00.000Z',292,NULL,NULL,'DEPOSIT',NULL,'PENDING');
INSERT INTO "Transaction" ("id","amount","currency","date","investorId","financialYearId","withdrawSource","type","withdrawFromAmount","status") VALUES (408,4642,'USD','2025-04-19T22:00:00.000Z',293,NULL,NULL,'DEPOSIT',NULL,'PENDING');
INSERT INTO "Transaction" ("id","amount","currency","date","investorId","financialYearId","withdrawSource","type","withdrawFromAmount","status") VALUES (409,5930,'USD','2020-10-08T22:00:00.000Z',294,NULL,NULL,'DEPOSIT',NULL,'PENDING');
INSERT INTO "Transaction" ("id","amount","currency","date","investorId","financialYearId","withdrawSource","type","withdrawFromAmount","status") VALUES (410,3952,'USD','2021-04-10T22:00:00.000Z',295,NULL,NULL,'DEPOSIT',NULL,'PENDING');
INSERT INTO "Transaction" ("id","amount","currency","date","investorId","financialYearId","withdrawSource","type","withdrawFromAmount","status") VALUES (411,9197,'USD','2022-05-22T22:00:00.000Z',296,NULL,NULL,'DEPOSIT',NULL,'PENDING');
INSERT INTO "Transaction" ("id","amount","currency","date","investorId","financialYearId","withdrawSource","type","withdrawFromAmount","status") VALUES (412,2987,'USD','2020-01-10T22:00:00.000Z',297,NULL,NULL,'DEPOSIT',NULL,'PENDING');
INSERT INTO "Transaction" ("id","amount","currency","date","investorId","financialYearId","withdrawSource","type","withdrawFromAmount","status") VALUES (413,4065,'USD','2024-06-10T21:00:00.000Z',298,NULL,NULL,'DEPOSIT',NULL,'PENDING');
INSERT INTO "Transaction" ("id","amount","currency","date","investorId","financialYearId","withdrawSource","type","withdrawFromAmount","status") VALUES (414,3107,'USD','2024-09-28T21:00:00.000Z',299,NULL,NULL,'DEPOSIT',NULL,'PENDING');
INSERT INTO "Transaction" ("id","amount","currency","date","investorId","financialYearId","withdrawSource","type","withdrawFromAmount","status") VALUES (415,5158,'USD','2023-11-23T22:00:00.000Z',300,NULL,NULL,'DEPOSIT',NULL,'PENDING');
INSERT INTO "Transaction" ("id","amount","currency","date","investorId","financialYearId","withdrawSource","type","withdrawFromAmount","status") VALUES (416,3560,'USD','2024-04-02T22:00:00.000Z',301,NULL,NULL,'DEPOSIT',NULL,'PENDING');
INSERT INTO "Transaction" ("id","amount","currency","date","investorId","financialYearId","withdrawSource","type","withdrawFromAmount","status") VALUES (417,2408,'USD','2024-10-21T21:00:00.000Z',302,NULL,NULL,'DEPOSIT',NULL,'PENDING');
INSERT INTO "Transaction" ("id","amount","currency","date","investorId","financialYearId","withdrawSource","type","withdrawFromAmount","status") VALUES (418,2870,'USD','2022-07-23T22:00:00.000Z',303,NULL,NULL,'DEPOSIT',NULL,'PENDING');
INSERT INTO "Transaction" ("id","amount","currency","date","investorId","financialYearId","withdrawSource","type","withdrawFromAmount","status") VALUES (419,8732,'USD','2023-03-16T22:00:00.000Z',304,NULL,NULL,'DEPOSIT',NULL,'PENDING');
INSERT INTO "Transaction" ("id","amount","currency","date","investorId","financialYearId","withdrawSource","type","withdrawFromAmount","status") VALUES (420,4683,'USD','2023-02-15T22:00:00.000Z',305,NULL,NULL,'DEPOSIT',NULL,'PENDING');
INSERT INTO "Transaction" ("id","amount","currency","date","investorId","financialYearId","withdrawSource","type","withdrawFromAmount","status") VALUES (421,270,'USD','2023-01-30T22:00:00.000Z',306,NULL,NULL,'DEPOSIT',NULL,'PENDING');
INSERT INTO "Transaction" ("id","amount","currency","date","investorId","financialYearId","withdrawSource","type","withdrawFromAmount","status") VALUES (422,197,'USD','2022-02-04T22:00:00.000Z',307,NULL,NULL,'DEPOSIT',NULL,'PENDING');
INSERT INTO "Transaction" ("id","amount","currency","date","investorId","financialYearId","withdrawSource","type","withdrawFromAmount","status") VALUES (423,4647,'USD','2024-05-08T21:00:00.000Z',308,NULL,NULL,'DEPOSIT',NULL,'PENDING');
INSERT INTO "Transaction" ("id","amount","currency","date","investorId","financialYearId","withdrawSource","type","withdrawFromAmount","status") VALUES (424,9632,'USD','2020-09-11T22:00:00.000Z',309,NULL,NULL,'DEPOSIT',NULL,'PENDING');
INSERT INTO "Transaction" ("id","amount","currency","date","investorId","financialYearId","withdrawSource","type","withdrawFromAmount","status") VALUES (425,6055,'USD','2024-11-18T22:00:00.000Z',310,NULL,NULL,'DEPOSIT',NULL,'PENDING');
INSERT INTO "Transaction" ("id","amount","currency","date","investorId","financialYearId","withdrawSource","type","withdrawFromAmount","status") VALUES (426,861,'USD','2023-09-27T21:00:00.000Z',311,NULL,NULL,'DEPOSIT',NULL,'PENDING');
INSERT INTO "Transaction" ("id","amount","currency","date","investorId","financialYearId","withdrawSource","type","withdrawFromAmount","status") VALUES (427,4500,'USD','2025-12-12T22:00:00.000Z',312,NULL,NULL,'DEPOSIT',NULL,'PENDING');
INSERT INTO "Transaction" ("id","amount","currency","date","investorId","financialYearId","withdrawSource","type","withdrawFromAmount","status") VALUES (428,9912,'USD','2021-05-14T22:00:00.000Z',313,NULL,NULL,'DEPOSIT',NULL,'PENDING');
INSERT INTO "Transaction" ("id","amount","currency","date","investorId","financialYearId","withdrawSource","type","withdrawFromAmount","status") VALUES (429,7782,'USD','2022-01-12T22:00:00.000Z',314,NULL,NULL,'DEPOSIT',NULL,'PENDING');
INSERT INTO "Transaction" ("id","amount","currency","date","investorId","financialYearId","withdrawSource","type","withdrawFromAmount","status") VALUES (430,1474,'USD','2021-06-16T22:00:00.000Z',315,NULL,NULL,'DEPOSIT',NULL,'PENDING');
INSERT INTO "Transaction" ("id","amount","currency","date","investorId","financialYearId","withdrawSource","type","withdrawFromAmount","status") VALUES (479,1271.66819636062,'USD','2025-09-11T19:50:48.047Z',315,NULL,NULL,'PROFIT',NULL,'CANCELED');
INSERT INTO "Transaction" ("id","amount","currency","date","investorId","financialYearId","withdrawSource","type","withdrawFromAmount","status") VALUES (431,7922.475608669996,'USD','2025-09-11T19:50:46.322Z',266,NULL,NULL,'PROFIT',NULL,'CANCELED');
INSERT INTO "Transaction" ("id","amount","currency","date","investorId","financialYearId","withdrawSource","type","withdrawFromAmount","status") VALUES (432,1948.913470541819,'USD','2025-09-11T19:50:46.370Z',267,NULL,NULL,'PROFIT',NULL,'CANCELED');
INSERT INTO "Transaction" ("id","amount","currency","date","investorId","financialYearId","withdrawSource","type","withdrawFromAmount","status") VALUES (433,6865.627887813986,'USD','2025-09-11T19:50:46.405Z',268,NULL,NULL,'PROFIT',NULL,'CANCELED');
INSERT INTO "Transaction" ("id","amount","currency","date","investorId","financialYearId","withdrawSource","type","withdrawFromAmount","status") VALUES (434,1222.492424859565,'USD','2025-09-11T19:50:46.441Z',269,NULL,NULL,'PROFIT',NULL,'CANCELED');
INSERT INTO "Transaction" ("id","amount","currency","date","investorId","financialYearId","withdrawSource","type","withdrawFromAmount","status") VALUES (435,2450.161246719241,'USD','2025-09-11T19:50:46.477Z',270,NULL,NULL,'PROFIT',NULL,'CANCELED');
INSERT INTO "Transaction" ("id","amount","currency","date","investorId","financialYearId","withdrawSource","type","withdrawFromAmount","status") VALUES (436,8390.939537180047,'USD','2025-09-11T19:50:46.513Z',271,NULL,NULL,'PROFIT',NULL,'CANCELED');
INSERT INTO "Transaction" ("id","amount","currency","date","investorId","financialYearId","withdrawSource","type","withdrawFromAmount","status") VALUES (437,3890.062345583471,'USD','2025-09-11T19:50:46.548Z',272,NULL,NULL,'PROFIT',NULL,'CANCELED');
INSERT INTO "Transaction" ("id","amount","currency","date","investorId","financialYearId","withdrawSource","type","withdrawFromAmount","status") VALUES (438,2605.453156722573,'USD','2025-09-11T19:50:46.584Z',273,NULL,NULL,'PROFIT',NULL,'CANCELED');
INSERT INTO "Transaction" ("id","amount","currency","date","investorId","financialYearId","withdrawSource","type","withdrawFromAmount","status") VALUES (439,8203.726512342697,'USD','2025-09-11T19:50:46.620Z',274,NULL,NULL,'PROFIT',NULL,'CANCELED');
INSERT INTO "Transaction" ("id","amount","currency","date","investorId","financialYearId","withdrawSource","type","withdrawFromAmount","status") VALUES (440,3886.611414250064,'USD','2025-09-11T19:50:46.656Z',275,NULL,NULL,'PROFIT',NULL,'CANCELED');
INSERT INTO "Transaction" ("id","amount","currency","date","investorId","financialYearId","withdrawSource","type","withdrawFromAmount","status") VALUES (441,3944.414514084637,'USD','2025-09-11T19:50:46.693Z',276,NULL,NULL,'PROFIT',NULL,'CANCELED');
INSERT INTO "Transaction" ("id","amount","currency","date","investorId","financialYearId","withdrawSource","type","withdrawFromAmount","status") VALUES (442,2900.507785728904,'USD','2025-09-11T19:50:46.729Z',277,NULL,NULL,'PROFIT',NULL,'CANCELED');
INSERT INTO "Transaction" ("id","amount","currency","date","investorId","financialYearId","withdrawSource","type","withdrawFromAmount","status") VALUES (443,603.9129833462918,'USD','2025-09-11T19:50:46.764Z',278,NULL,NULL,'PROFIT',NULL,'CANCELED');
INSERT INTO "Transaction" ("id","amount","currency","date","investorId","financialYearId","withdrawSource","type","withdrawFromAmount","status") VALUES (444,4741.579652101743,'USD','2025-09-11T19:50:46.800Z',279,NULL,NULL,'PROFIT',NULL,'CANCELED');
INSERT INTO "Transaction" ("id","amount","currency","date","investorId","financialYearId","withdrawSource","type","withdrawFromAmount","status") VALUES (445,8169.217199008624,'USD','2025-09-11T19:50:46.836Z',280,NULL,NULL,'PROFIT',NULL,'CANCELED');
INSERT INTO "Transaction" ("id","amount","currency","date","investorId","financialYearId","withdrawSource","type","withdrawFromAmount","status") VALUES (446,1797.072491871894,'USD','2025-09-11T19:50:46.870Z',281,NULL,NULL,'PROFIT',NULL,'CANCELED');
INSERT INTO "Transaction" ("id","amount","currency","date","investorId","financialYearId","withdrawSource","type","withdrawFromAmount","status") VALUES (447,5677.644776288495,'USD','2025-09-11T19:50:46.906Z',282,NULL,NULL,'PROFIT',NULL,'CANCELED');
INSERT INTO "Transaction" ("id","amount","currency","date","investorId","financialYearId","withdrawSource","type","withdrawFromAmount","status") VALUES (448,487.4440508437926,'USD','2025-09-11T19:50:46.942Z',283,NULL,NULL,'PROFIT',NULL,'CANCELED');
INSERT INTO "Transaction" ("id","amount","currency","date","investorId","financialYearId","withdrawSource","type","withdrawFromAmount","status") VALUES (449,4550.052963097633,'USD','2025-09-11T19:50:46.977Z',284,NULL,NULL,'PROFIT',NULL,'CANCELED');
INSERT INTO "Transaction" ("id","amount","currency","date","investorId","financialYearId","withdrawSource","type","withdrawFromAmount","status") VALUES (450,3475.087852741233,'USD','2025-09-11T19:50:47.013Z',285,NULL,NULL,'PROFIT',NULL,'CANCELED');
INSERT INTO "Transaction" ("id","amount","currency","date","investorId","financialYearId","withdrawSource","type","withdrawFromAmount","status") VALUES (451,7189.152700320928,'USD','2025-09-11T19:50:47.048Z',286,NULL,NULL,'PROFIT',NULL,'CANCELED');
INSERT INTO "Transaction" ("id","amount","currency","date","investorId","financialYearId","withdrawSource","type","withdrawFromAmount","status") VALUES (452,8528.114057682993,'USD','2025-09-11T19:50:47.083Z',287,NULL,NULL,'PROFIT',NULL,'CANCELED');
INSERT INTO "Transaction" ("id","amount","currency","date","investorId","financialYearId","withdrawSource","type","withdrawFromAmount","status") VALUES (453,721.0103261841954,'USD','2025-09-11T19:50:47.119Z',288,NULL,NULL,'PROFIT',NULL,'CANCELED');
INSERT INTO "Transaction" ("id","amount","currency","date","investorId","financialYearId","withdrawSource","type","withdrawFromAmount","status") VALUES (454,3048.897833065422,'USD','2025-09-11T19:50:47.159Z',289,NULL,NULL,'PROFIT',NULL,'CANCELED');
INSERT INTO "Transaction" ("id","amount","currency","date","investorId","financialYearId","withdrawSource","type","withdrawFromAmount","status") VALUES (455,5342.041704114627,'USD','2025-09-11T19:50:47.194Z',290,NULL,NULL,'PROFIT',NULL,'CANCELED');
INSERT INTO "Transaction" ("id","amount","currency","date","investorId","financialYearId","withdrawSource","type","withdrawFromAmount","status") VALUES (456,3574.270175508794,'USD','2025-09-11T19:50:47.229Z',291,NULL,NULL,'PROFIT',NULL,'CANCELED');
INSERT INTO "Transaction" ("id","amount","currency","date","investorId","financialYearId","withdrawSource","type","withdrawFromAmount","status") VALUES (457,1556.370031366729,'USD','2025-09-11T19:50:47.264Z',292,NULL,NULL,'PROFIT',NULL,'CANCELED');
INSERT INTO "Transaction" ("id","amount","currency","date","investorId","financialYearId","withdrawSource","type","withdrawFromAmount","status") VALUES (458,2208.411435655069,'USD','2025-09-11T19:50:47.299Z',293,NULL,NULL,'PROFIT',NULL,'CANCELED');
INSERT INTO "Transaction" ("id","amount","currency","date","investorId","financialYearId","withdrawSource","type","withdrawFromAmount","status") VALUES (459,5116.005701776443,'USD','2025-09-11T19:50:47.334Z',294,NULL,NULL,'PROFIT',NULL,'CANCELED');
INSERT INTO "Transaction" ("id","amount","currency","date","investorId","financialYearId","withdrawSource","type","withdrawFromAmount","status") VALUES (460,3409.520157406493,'USD','2025-09-11T19:50:47.370Z',295,NULL,NULL,'PROFIT',NULL,'CANCELED');
INSERT INTO "Transaction" ("id","amount","currency","date","investorId","financialYearId","withdrawSource","type","withdrawFromAmount","status") VALUES (461,7934.553868336921,'USD','2025-09-11T19:50:47.405Z',296,NULL,NULL,'PROFIT',NULL,'CANCELED');
INSERT INTO "Transaction" ("id","amount","currency","date","investorId","financialYearId","withdrawSource","type","withdrawFromAmount","status") VALUES (462,2576.982973221962,'USD','2025-09-11T19:50:47.442Z',297,NULL,NULL,'PROFIT',NULL,'CANCELED');
INSERT INTO "Transaction" ("id","amount","currency","date","investorId","financialYearId","withdrawSource","type","withdrawFromAmount","status") VALUES (463,3507.008967575252,'USD','2025-09-11T19:50:47.478Z',298,NULL,NULL,'PROFIT',NULL,'CANCELED');
INSERT INTO "Transaction" ("id","amount","currency","date","investorId","financialYearId","withdrawSource","type","withdrawFromAmount","status") VALUES (464,2680.510913224184,'USD','2025-09-11T19:50:47.515Z',299,NULL,NULL,'PROFIT',NULL,'CANCELED');
INSERT INTO "Transaction" ("id","amount","currency","date","investorId","financialYearId","withdrawSource","type","withdrawFromAmount","status") VALUES (465,4449.975954428818,'USD','2025-09-11T19:50:47.550Z',300,NULL,NULL,'PROFIT',NULL,'CANCELED');
INSERT INTO "Transaction" ("id","amount","currency","date","investorId","financialYearId","withdrawSource","type","withdrawFromAmount","status") VALUES (466,3071.32888673257,'USD','2025-09-11T19:50:47.585Z',301,NULL,NULL,'PROFIT',NULL,'CANCELED');
INSERT INTO "Transaction" ("id","amount","currency","date","investorId","financialYearId","withdrawSource","type","withdrawFromAmount","status") VALUES (467,2077.460662711243,'USD','2025-09-11T19:50:47.621Z',302,NULL,NULL,'PROFIT',NULL,'CANCELED');
INSERT INTO "Transaction" ("id","amount","currency","date","investorId","financialYearId","withdrawSource","type","withdrawFromAmount","status") VALUES (468,2476.043231719796,'USD','2025-09-11T19:50:47.656Z',303,NULL,NULL,'PROFIT',NULL,'CANCELED');
INSERT INTO "Transaction" ("id","amount","currency","date","investorId","financialYearId","withdrawSource","type","withdrawFromAmount","status") VALUES (469,7533.383100828314,'USD','2025-09-11T19:50:47.691Z',304,NULL,NULL,'PROFIT',NULL,'CANCELED');
INSERT INTO "Transaction" ("id","amount","currency","date","investorId","financialYearId","withdrawSource","type","withdrawFromAmount","status") VALUES (470,4040.177858586692,'USD','2025-09-11T19:50:47.726Z',305,NULL,NULL,'PROFIT',NULL,'CANCELED');
INSERT INTO "Transaction" ("id","amount","currency","date","investorId","financialYearId","withdrawSource","type","withdrawFromAmount","status") VALUES (471,232.9378650049983,'USD','2025-09-11T19:50:47.762Z',306,NULL,NULL,'PROFIT',NULL,'CANCELED');
INSERT INTO "Transaction" ("id","amount","currency","date","investorId","financialYearId","withdrawSource","type","withdrawFromAmount","status") VALUES (472,169.9583681703135,'USD','2025-09-11T19:50:47.797Z',307,NULL,NULL,'PROFIT',NULL,'CANCELED');
INSERT INTO "Transaction" ("id","amount","currency","date","investorId","financialYearId","withdrawSource","type","withdrawFromAmount","status") VALUES (473,4009.119476586025,'USD','2025-09-11T19:50:47.832Z',308,NULL,NULL,'PROFIT',NULL,'CANCELED');
INSERT INTO "Transaction" ("id","amount","currency","date","investorId","financialYearId","withdrawSource","type","withdrawFromAmount","status") VALUES (474,8309.842650844974,'USD','2025-09-11T19:50:47.868Z',309,NULL,NULL,'PROFIT',NULL,'CANCELED');
INSERT INTO "Transaction" ("id","amount","currency","date","investorId","financialYearId","withdrawSource","type","withdrawFromAmount","status") VALUES (475,5223.847305945425,'USD','2025-09-11T19:50:47.903Z',310,NULL,NULL,'PROFIT',NULL,'CANCELED');
INSERT INTO "Transaction" ("id","amount","currency","date","investorId","financialYearId","withdrawSource","type","withdrawFromAmount","status") VALUES (476,742.8129695159389,'USD','2025-09-11T19:50:47.938Z',311,NULL,NULL,'PROFIT',NULL,'CANCELED');
INSERT INTO "Transaction" ("id","amount","currency","date","investorId","financialYearId","withdrawSource","type","withdrawFromAmount","status") VALUES (477,8551.407844183492,'USD','2025-09-11T19:50:47.974Z',313,NULL,NULL,'PROFIT',NULL,'CANCELED');
INSERT INTO "Transaction" ("id","amount","currency","date","investorId","financialYearId","withdrawSource","type","withdrawFromAmount","status") VALUES (478,6713.786909144061,'USD','2025-09-11T19:50:48.010Z',314,NULL,NULL,'PROFIT',NULL,'CANCELED');
INSERT INTO "User" ("id","fullName","email","password","role","profileImage","phone") VALUES (1,'System Admin','admin@gmail.com','$2b$10$rH7r3uLYKIEqyTD34Tpsw.g3.47RZAd9vQmmL5o/qvNeXDpAGnyAi','ADMIN','http://localhost:5000/uploads/profiles/1_1756872676855_base64.jpeg','1234567890');
INSERT INTO "investors" ("id","amount","createdAt","fullName","phone","rollover_amount","total_amount") VALUES (266,9183,'2021-01-20T22:00:00.000Z','باسم رامي','01875586056',395.5184539143174,395.5184539143174);
INSERT INTO "investors" ("id","amount","createdAt","fullName","phone","rollover_amount","total_amount") VALUES (267,2259,'2022-01-02T22:00:00.000Z','هيثم أحمد','01837961419',97.29676438989905,97.29676438989905);
INSERT INTO "investors" ("id","amount","createdAt","fullName","phone","rollover_amount","total_amount") VALUES (268,7958,'2020-05-17T22:00:00.000Z','يوسف رامي','01876177636',342.7568176249741,342.7568176249741);
INSERT INTO "investors" ("id","amount","createdAt","fullName","phone","rollover_amount","total_amount") VALUES (269,1417,'2020-05-12T22:00:00.000Z','أحمد خليل','01691323424',61.03121520163211,61.03121520163211);
INSERT INTO "investors" ("id","amount","createdAt","fullName","phone","rollover_amount","total_amount") VALUES (270,2840,'2021-11-11T22:00:00.000Z','عمر محمود','01135405348',122.3208547442733,122.3208547442733);
INSERT INTO "investors" ("id","amount","createdAt","fullName","phone","rollover_amount","total_amount") VALUES (271,9726,'2023-05-12T21:00:00.000Z','محمد خالد','01633931211',418.9058567756344,418.9058567756344);
INSERT INTO "investors" ("id","amount","createdAt","fullName","phone","rollover_amount","total_amount") VALUES (272,4509,'2024-09-25T21:00:00.000Z','باسم هيثم','01497370002',194.2058922682845,194.2058922682845);
INSERT INTO "investors" ("id","amount","createdAt","fullName","phone","rollover_amount","total_amount") VALUES (273,3020,'2020-06-04T22:00:00.000Z','يوسف طارق','01155701590',130.0735849745441,130.0735849745441);
INSERT INTO "investors" ("id","amount","createdAt","fullName","phone","rollover_amount","total_amount") VALUES (274,9509,'2024-11-22T22:00:00.000Z','طارق حسن','01730973154',409.5595097758079,409.5595097758079);
INSERT INTO "investors" ("id","amount","createdAt","fullName","phone","rollover_amount","total_amount") VALUES (275,4505,'2024-09-15T21:00:00.000Z','يوسف إبراهيم','01205255318',194.0336093742785,194.0336093742785);
INSERT INTO "investors" ("id","amount","createdAt","fullName","phone","rollover_amount","total_amount") VALUES (276,4572,'2021-11-09T22:00:00.000Z','شريف باسم','01857289999',196.9193478488793,196.9193478488793);
INSERT INTO "investors" ("id","amount","createdAt","fullName","phone","rollover_amount","total_amount") VALUES (277,3362,'2022-03-31T22:00:00.000Z','هيثم محمود','01067410283',144.8037724120587,144.8037724120587);
INSERT INTO "investors" ("id","amount","createdAt","fullName","phone","rollover_amount","total_amount") VALUES (278,700,'2023-09-28T21:00:00.000Z','خليل محمود','01368289357',30.14950645105327,30.14950645105327);
INSERT INTO "investors" ("id","amount","createdAt","fullName","phone","rollover_amount","total_amount") VALUES (279,5496,'2020-01-12T22:00:00.000Z','طارق سعيد','01183811811',236.7166963642697,236.7166963642697);
INSERT INTO "investors" ("id","amount","createdAt","fullName","phone","rollover_amount","total_amount") VALUES (280,9469,'2023-11-06T22:00:00.000Z','فادي رامي','01749817414',407.8366808357478,407.8366808357478);
INSERT INTO "investors" ("id","amount","createdAt","fullName","phone","rollover_amount","total_amount") VALUES (281,2083,'2022-04-07T22:00:00.000Z','وليد إبراهيم','01347140372',89.71631705363423,89.71631705363423);
INSERT INTO "investors" ("id","amount","createdAt","fullName","phone","rollover_amount","total_amount") VALUES (282,6581,'2022-11-16T22:00:00.000Z','كريم إبراهيم','01262534053',283.4484313634022,283.4484313634022);
INSERT INTO "investors" ("id","amount","createdAt","fullName","phone","rollover_amount","total_amount") VALUES (283,565,'2022-07-13T22:00:00.000Z','مصطفى سعيد','01216937483',24.33495877835014,24.33495877835014);
INSERT INTO "investors" ("id","amount","createdAt","fullName","phone","rollover_amount","total_amount") VALUES (284,5274,'2020-06-21T22:00:00.000Z','كريم وليد','01698700496',227.1549957469356,227.1549957469356);
INSERT INTO "investors" ("id","amount","createdAt","fullName","phone","rollover_amount","total_amount") VALUES (285,4028,'2022-05-07T22:00:00.000Z','جميل سعيد','01085799651',173.4888742640608,173.4888742640608);
INSERT INTO "investors" ("id","amount","createdAt","fullName","phone","rollover_amount","total_amount") VALUES (286,8333,'2024-12-17T22:00:00.000Z','باسم كريم','01434519040',358.9083389380384,358.9083389380384);
INSERT INTO "investors" ("id","amount","createdAt","fullName","phone","rollover_amount","total_amount") VALUES (287,9885,'2020-05-04T22:00:00.000Z','باسم محمود','01736068709',425.7541018123737,425.7541018123737);
INSERT INTO "investors" ("id","amount","createdAt","fullName","phone","rollover_amount","total_amount") VALUES (312,4500,'2025-12-12T22:00:00.000Z','باسم طارق','01542377354',0,0);
INSERT INTO "investors" ("id","amount","createdAt","fullName","phone","rollover_amount","total_amount") VALUES (318,20000,'2025-09-11T21:33:31.369Z','jdlsmldmsdml','215152',0,20000);
INSERT INTO "investors" ("id","amount","createdAt","fullName","phone","rollover_amount","total_amount") VALUES (315,1474,'2021-06-16T22:00:00.000Z','فادي فادي','01578039578',63.48624644121788,63.48624644121788);
INSERT INTO "investors" ("id","amount","createdAt","fullName","phone","rollover_amount","total_amount") VALUES (288,6154,'2025-07-29T21:00:00.000Z','يوسف خالد','01205873139',45.91542608993476,45.91542608993476);
INSERT INTO "investors" ("id","amount","createdAt","fullName","phone","rollover_amount","total_amount") VALUES (289,3534,'2021-01-09T22:00:00.000Z','مصطفى وليد','01491128961',152.2119368543175,152.2119368543175);
INSERT INTO "investors" ("id","amount","createdAt","fullName","phone","rollover_amount","total_amount") VALUES (290,6192,'2022-06-15T22:00:00.000Z','كريم إبراهيم','01896942306',266.6939199213169,266.6939199213169);
INSERT INTO "investors" ("id","amount","createdAt","fullName","phone","rollover_amount","total_amount") VALUES (291,4935,'2025-02-08T22:00:00.000Z','شريف يوسف','01537139602',179.9177732408819,179.9177732408819);
INSERT INTO "investors" ("id","amount","createdAt","fullName","phone","rollover_amount","total_amount") VALUES (292,1804,'2020-12-26T22:00:00.000Z','جميل أحمد','01584443963',77.69958519671442,77.69958519671442);
INSERT INTO "investors" ("id","amount","createdAt","fullName","phone","rollover_amount","total_amount") VALUES (293,4642,'2025-04-19T22:00:00.000Z','أحمد كريم','01942171498',114.1357215812117,114.1357215812117);
INSERT INTO "investors" ("id","amount","createdAt","fullName","phone","rollover_amount","total_amount") VALUES (294,5930,'2020-10-08T22:00:00.000Z','حسن يوسف','01053905530',255.4093903639227,255.4093903639227);
INSERT INTO "investors" ("id","amount","createdAt","fullName","phone","rollover_amount","total_amount") VALUES (295,3952,'2021-04-10T22:00:00.000Z','خالد محمود','01485353035',170.2154992779464,170.2154992779464);
INSERT INTO "investors" ("id","amount","createdAt","fullName","phone","rollover_amount","total_amount") VALUES (296,9197,'2022-05-22T22:00:00.000Z','جميل هيثم','01748891545',396.1214440433384,396.1214440433384);
INSERT INTO "investors" ("id","amount","createdAt","fullName","phone","rollover_amount","total_amount") VALUES (297,2987,'2020-01-10T22:00:00.000Z','كريم إبراهيم','01084783032',128.6522510989944,128.6522510989944);
INSERT INTO "investors" ("id","amount","createdAt","fullName","phone","rollover_amount","total_amount") VALUES (298,4065,'2024-06-10T21:00:00.000Z','يوسف شريف','01818521055',175.0824910336165,175.0824910336165);
INSERT INTO "investors" ("id","amount","createdAt","fullName","phone","rollover_amount","total_amount") VALUES (299,3107,'2024-09-28T21:00:00.000Z','رامي وليد','01896637960',133.820737919175,133.820737919175);
INSERT INTO "investors" ("id","amount","createdAt","fullName","phone","rollover_amount","total_amount") VALUES (300,5158,'2023-11-23T22:00:00.000Z','شريف خليل','01160962786',222.1587918207611,222.1587918207611);
INSERT INTO "investors" ("id","amount","createdAt","fullName","phone","rollover_amount","total_amount") VALUES (301,3560,'2024-04-02T22:00:00.000Z','مصطفى يوسف','01404989171',153.3317756653566,153.3317756653566);
INSERT INTO "investors" ("id","amount","createdAt","fullName","phone","rollover_amount","total_amount") VALUES (302,2408,'2024-10-21T21:00:00.000Z','عمر أحمد','01085002714',103.7143021916232,103.7143021916232);
INSERT INTO "investors" ("id","amount","createdAt","fullName","phone","rollover_amount","total_amount") VALUES (303,2870,'2022-07-23T22:00:00.000Z','جميل خالد','01616604909',123.6129764493184,123.6129764493184);
INSERT INTO "investors" ("id","amount","createdAt","fullName","phone","rollover_amount","total_amount") VALUES (304,8732,'2023-03-16T22:00:00.000Z','أحمد خالد','01465710887',376.0935576151388,376.0935576151388);
INSERT INTO "investors" ("id","amount","createdAt","fullName","phone","rollover_amount","total_amount") VALUES (305,4683,'2023-02-15T22:00:00.000Z','وليد رامي','01045018704',201.7001981575463,201.7001981575463);
INSERT INTO "investors" ("id","amount","createdAt","fullName","phone","rollover_amount","total_amount") VALUES (306,270,'2023-01-30T22:00:00.000Z','جميل هيثم','01024900135',11.62909534540626,11.62909534540626);
INSERT INTO "investors" ("id","amount","createdAt","fullName","phone","rollover_amount","total_amount") VALUES (307,197,'2022-02-04T22:00:00.000Z','مصطفى محمود','01147584458',8.48493252979642,8.48493252979642);
INSERT INTO "investors" ("id","amount","createdAt","fullName","phone","rollover_amount","total_amount") VALUES (308,4647,'2024-05-08T21:00:00.000Z','فادي أحمد','01895248253',200.1496521114922,200.1496521114922);
INSERT INTO "investors" ("id","amount","createdAt","fullName","phone","rollover_amount","total_amount") VALUES (309,9632,'2020-09-11T22:00:00.000Z','أحمد إبراهيم','01426957628',414.857208766493,414.857208766493);
INSERT INTO "investors" ("id","amount","createdAt","fullName","phone","rollover_amount","total_amount") VALUES (310,6055,'2024-11-18T22:00:00.000Z','يوسف أحمد','01562775429',260.7932308016108,260.7932308016108);
INSERT INTO "investors" ("id","amount","createdAt","fullName","phone","rollover_amount","total_amount") VALUES (311,861,'2023-09-27T21:00:00.000Z','يوسف طارق','01348253434',37.08389293479552,37.08389293479552);
INSERT INTO "investors" ("id","amount","createdAt","fullName","phone","rollover_amount","total_amount") VALUES (313,9912,'2021-05-14T22:00:00.000Z','رامي سعيد','01216123619',426.9170113469143,426.9170113469143);
INSERT INTO "investors" ("id","amount","createdAt","fullName","phone","rollover_amount","total_amount") VALUES (314,7782,'2022-01-12T22:00:00.000Z','رامي أحمد','01676054432',335.1763702887093,335.1763702887093);
INSERT INTO "FinancialYear" ("id","year","periodName","totalProfit","startDate","endDate","totalDays","status","rolloverEnabled","rolloverPercentage","createdById","approvedById","distributedById","approvedAt","distributedAt","createdAt","dailyProfit","currency") VALUES (77,2025,'test',10000,'2024-12-31T21:00:00.000Z','2025-09-10T21:00:00.000Z',254,'DISTRIBUTED',true,100,1,1,NULL,'2025-09-11T20:00:18.487Z','2025-09-11T20:00:18.487Z','2025-09-11T19:59:55.092Z',39.37007874015748,'USD');
INSERT INTO "FinancialYear" ("id","year","periodName","totalProfit","startDate","endDate","totalDays","status","rolloverEnabled","rolloverPercentage","createdById","approvedById","distributedById","approvedAt","distributedAt","createdAt","dailyProfit","currency") VALUES (78,2025,'ddddd',100000,'2025-08-31T21:00:00.000Z','2025-09-09T21:00:00.000Z',10,'PENDING',true,100,1,NULL,NULL,NULL,'2025-09-10T20:59:59.999Z','2025-09-11T20:58:41.694Z',10000,'USD');
INSERT INTO "YearlyProfitDistribution" ("id","financialYearId","amount","percentage","createdAt","investorId","totalProfit","isRollover","dailyProfit","daysSoFar") VALUES (2082,77,9183,3.955184539143174,'2021-01-20T22:00:00.000Z',266,395.5184539143174,true,1.557159267379202,254);
INSERT INTO "YearlyProfitDistribution" ("id","financialYearId","amount","percentage","createdAt","investorId","totalProfit","isRollover","dailyProfit","daysSoFar") VALUES (2083,77,2259,0.9729676438989905,'2022-01-02T22:00:00.000Z',267,97.29676438989905,true,0.3830581275192876,254);
INSERT INTO "YearlyProfitDistribution" ("id","financialYearId","amount","percentage","createdAt","investorId","totalProfit","isRollover","dailyProfit","daysSoFar") VALUES (2084,77,7958,3.427568176249741,'2020-05-17T22:00:00.000Z',268,342.7568176249741,true,1.349436289862103,254);
INSERT INTO "YearlyProfitDistribution" ("id","financialYearId","amount","percentage","createdAt","investorId","totalProfit","isRollover","dailyProfit","daysSoFar") VALUES (2085,77,1417,0.6103121520163212,'2020-05-12T22:00:00.000Z',269,61.03121520163211,true,0.2402803748095753,254);
INSERT INTO "YearlyProfitDistribution" ("id","financialYearId","amount","percentage","createdAt","investorId","totalProfit","isRollover","dailyProfit","daysSoFar") VALUES (2086,77,2840,1.223208547442733,'2021-11-11T22:00:00.000Z',270,122.3208547442733,true,0.4815781682845404,254);
INSERT INTO "YearlyProfitDistribution" ("id","financialYearId","amount","percentage","createdAt","investorId","totalProfit","isRollover","dailyProfit","daysSoFar") VALUES (2087,77,9726,4.189058567756344,'2023-05-12T21:00:00.000Z',271,418.9058567756344,true,1.649235656596986,254);
INSERT INTO "YearlyProfitDistribution" ("id","financialYearId","amount","percentage","createdAt","investorId","totalProfit","isRollover","dailyProfit","daysSoFar") VALUES (2088,77,4509,1.942058922682845,'2024-09-25T21:00:00.000Z',272,194.2058922682845,true,0.7645901270404903,254);
INSERT INTO "YearlyProfitDistribution" ("id","financialYearId","amount","percentage","createdAt","investorId","totalProfit","isRollover","dailyProfit","daysSoFar") VALUES (2089,77,3020,1.300735849745441,'2020-06-04T22:00:00.000Z',273,130.0735849745441,true,0.5121007282462366,254);
INSERT INTO "YearlyProfitDistribution" ("id","financialYearId","amount","percentage","createdAt","investorId","totalProfit","isRollover","dailyProfit","daysSoFar") VALUES (2090,77,9509,4.095595097758079,'2024-11-22T22:00:00.000Z',274,409.5595097758079,true,1.612439014865385,254);
INSERT INTO "YearlyProfitDistribution" ("id","financialYearId","amount","percentage","createdAt","investorId","totalProfit","isRollover","dailyProfit","daysSoFar") VALUES (2091,77,4505,1.940336093742785,'2024-09-15T21:00:00.000Z',275,194.0336093742785,true,0.7639118479302304,254);
INSERT INTO "YearlyProfitDistribution" ("id","financialYearId","amount","percentage","createdAt","investorId","totalProfit","isRollover","dailyProfit","daysSoFar") VALUES (2092,77,4572,1.969193478488793,'2021-11-09T22:00:00.000Z',276,196.9193478488793,true,0.775273023027084,254);
INSERT INTO "YearlyProfitDistribution" ("id","financialYearId","amount","percentage","createdAt","investorId","totalProfit","isRollover","dailyProfit","daysSoFar") VALUES (2093,77,3362,1.448037724120587,'2022-03-31T22:00:00.000Z',277,144.8037724120587,true,0.5700935921734595,254);
INSERT INTO "YearlyProfitDistribution" ("id","financialYearId","amount","percentage","createdAt","investorId","totalProfit","isRollover","dailyProfit","daysSoFar") VALUES (2094,77,700,0.3014950645105327,'2023-09-28T21:00:00.000Z',278,30.14950645105327,true,0.1186988442954853,254);
INSERT INTO "YearlyProfitDistribution" ("id","financialYearId","amount","percentage","createdAt","investorId","totalProfit","isRollover","dailyProfit","daysSoFar") VALUES (2095,77,5496,2.367166963642696,'2020-01-12T22:00:00.000Z',279,236.7166963642697,true,0.9319554974971247,254);
INSERT INTO "YearlyProfitDistribution" ("id","financialYearId","amount","percentage","createdAt","investorId","totalProfit","isRollover","dailyProfit","daysSoFar") VALUES (2096,77,9469,4.078366808357478,'2023-11-06T22:00:00.000Z',280,407.8366808357478,true,1.605656223762786,254);
INSERT INTO "YearlyProfitDistribution" ("id","financialYearId","amount","percentage","createdAt","investorId","totalProfit","isRollover","dailyProfit","daysSoFar") VALUES (2097,77,2083,0.8971631705363423,'2022-04-07T22:00:00.000Z',281,89.71631705363423,true,0.3532138466678513,254);
INSERT INTO "YearlyProfitDistribution" ("id","financialYearId","amount","percentage","createdAt","investorId","totalProfit","isRollover","dailyProfit","daysSoFar") VALUES (2098,77,6581,2.834484313634022,'2022-11-16T22:00:00.000Z',282,283.4484313634022,true,1.115938706155127,254);
INSERT INTO "YearlyProfitDistribution" ("id","financialYearId","amount","percentage","createdAt","investorId","totalProfit","isRollover","dailyProfit","daysSoFar") VALUES (2099,77,565,0.2433495877835014,'2022-07-13T22:00:00.000Z',283,24.33495877835014,true,0.09580692432421314,254);
INSERT INTO "YearlyProfitDistribution" ("id","financialYearId","amount","percentage","createdAt","investorId","totalProfit","isRollover","dailyProfit","daysSoFar") VALUES (2100,77,5274,2.271549957469357,'2020-06-21T22:00:00.000Z',284,227.1549957469356,true,0.8943110068776994,254);
INSERT INTO "YearlyProfitDistribution" ("id","financialYearId","amount","percentage","createdAt","investorId","totalProfit","isRollover","dailyProfit","daysSoFar") VALUES (2101,77,4028,1.734888742640608,'2022-05-07T22:00:00.000Z',285,173.4888742640608,true,0.6830270640317354,254);
INSERT INTO "YearlyProfitDistribution" ("id","financialYearId","amount","percentage","createdAt","investorId","totalProfit","isRollover","dailyProfit","daysSoFar") VALUES (2102,77,8333,3.589083389380384,'2024-12-17T22:00:00.000Z',286,358.9083389380384,true,1.41302495644897,254);
INSERT INTO "YearlyProfitDistribution" ("id","financialYearId","amount","percentage","createdAt","investorId","totalProfit","isRollover","dailyProfit","daysSoFar") VALUES (2103,77,9885,4.257541018123737,'2020-05-04T22:00:00.000Z',287,425.7541018123737,true,1.676197251229818,254);
INSERT INTO "YearlyProfitDistribution" ("id","financialYearId","amount","percentage","createdAt","investorId","totalProfit","isRollover","dailyProfit","daysSoFar") VALUES (2104,77,1474,0.6348624644121788,'2021-06-16T22:00:00.000Z',315,63.48624644121788,true,0.2499458521307791,254);
INSERT INTO "YearlyProfitDistribution" ("id","financialYearId","amount","percentage","createdAt","investorId","totalProfit","isRollover","dailyProfit","daysSoFar") VALUES (2105,77,6154,0.4591542608993476,'2025-07-29T21:00:00.000Z',288,45.91542608993476,true,1.043532411134881,44);
INSERT INTO "YearlyProfitDistribution" ("id","financialYearId","amount","percentage","createdAt","investorId","totalProfit","isRollover","dailyProfit","daysSoFar") VALUES (2106,77,3534,1.522119368543175,'2021-01-09T22:00:00.000Z',289,152.2119368543175,true,0.5992595939146359,254);
INSERT INTO "YearlyProfitDistribution" ("id","financialYearId","amount","percentage","createdAt","investorId","totalProfit","isRollover","dailyProfit","daysSoFar") VALUES (2107,77,6192,2.666939199213169,'2022-06-15T22:00:00.000Z',290,266.6939199213169,true,1.04997606268235,254);
INSERT INTO "YearlyProfitDistribution" ("id","financialYearId","amount","percentage","createdAt","investorId","totalProfit","isRollover","dailyProfit","daysSoFar") VALUES (2108,77,4935,1.799177732408819,'2025-02-08T22:00:00.000Z',291,179.9177732408819,true,0.8368268522831714,215);
INSERT INTO "YearlyProfitDistribution" ("id","financialYearId","amount","percentage","createdAt","investorId","totalProfit","isRollover","dailyProfit","daysSoFar") VALUES (2109,77,1804,0.7769958519671443,'2020-12-26T22:00:00.000Z',292,77.69958519671442,true,0.3059038787272221,254);
INSERT INTO "YearlyProfitDistribution" ("id","financialYearId","amount","percentage","createdAt","investorId","totalProfit","isRollover","dailyProfit","daysSoFar") VALUES (2110,77,4642,1.141357215812117,'2025-04-19T22:00:00.000Z',293,114.1357215812117,true,0.7871429074566326,145);
INSERT INTO "YearlyProfitDistribution" ("id","financialYearId","amount","percentage","createdAt","investorId","totalProfit","isRollover","dailyProfit","daysSoFar") VALUES (2111,77,5930,2.554093903639227,'2020-10-08T22:00:00.000Z',294,255.4093903639227,true,1.005548780960326,254);
INSERT INTO "YearlyProfitDistribution" ("id","financialYearId","amount","percentage","createdAt","investorId","totalProfit","isRollover","dailyProfit","daysSoFar") VALUES (2112,77,3952,1.702154992779464,'2021-04-10T22:00:00.000Z',295,170.2154992779464,true,0.670139760936797,254);
INSERT INTO "YearlyProfitDistribution" ("id","financialYearId","amount","percentage","createdAt","investorId","totalProfit","isRollover","dailyProfit","daysSoFar") VALUES (2113,77,9197,3.961214440433384,'2022-05-22T22:00:00.000Z',296,396.1214440433384,true,1.559533244265112,254);
INSERT INTO "YearlyProfitDistribution" ("id","financialYearId","amount","percentage","createdAt","investorId","totalProfit","isRollover","dailyProfit","daysSoFar") VALUES (2114,77,2987,1.286522510989945,'2020-01-10T22:00:00.000Z',297,128.6522510989944,true,0.5065049255865923,254);
INSERT INTO "YearlyProfitDistribution" ("id","financialYearId","amount","percentage","createdAt","investorId","totalProfit","isRollover","dailyProfit","daysSoFar") VALUES (2115,77,4065,1.750824910336165,'2024-06-10T21:00:00.000Z',298,175.0824910336165,true,0.6893011458016397,254);
INSERT INTO "YearlyProfitDistribution" ("id","financialYearId","amount","percentage","createdAt","investorId","totalProfit","isRollover","dailyProfit","daysSoFar") VALUES (2116,77,3107,1.33820737919175,'2024-09-28T21:00:00.000Z',299,133.820737919175,true,0.5268532988943898,254);
INSERT INTO "YearlyProfitDistribution" ("id","financialYearId","amount","percentage","createdAt","investorId","totalProfit","isRollover","dailyProfit","daysSoFar") VALUES (2117,77,5158,2.221587918207611,'2023-11-23T22:00:00.000Z',300,222.1587918207611,true,0.8746409126801618,254);
INSERT INTO "YearlyProfitDistribution" ("id","financialYearId","amount","percentage","createdAt","investorId","totalProfit","isRollover","dailyProfit","daysSoFar") VALUES (2118,77,3560,1.533317756653566,'2024-04-02T22:00:00.000Z',301,153.3317756653566,true,0.6036684081313253,254);
INSERT INTO "YearlyProfitDistribution" ("id","financialYearId","amount","percentage","createdAt","investorId","totalProfit","isRollover","dailyProfit","daysSoFar") VALUES (2119,77,2408,1.037143021916233,'2024-10-21T21:00:00.000Z',302,103.7143021916232,true,0.4083240243764695,254);
INSERT INTO "YearlyProfitDistribution" ("id","financialYearId","amount","percentage","createdAt","investorId","totalProfit","isRollover","dailyProfit","daysSoFar") VALUES (2120,77,2870,1.236129764493184,'2022-07-23T22:00:00.000Z',303,123.6129764493184,true,0.4866652616114898,254);
INSERT INTO "YearlyProfitDistribution" ("id","financialYearId","amount","percentage","createdAt","investorId","totalProfit","isRollover","dailyProfit","daysSoFar") VALUES (2121,77,8732,3.760935576151388,'2023-03-16T22:00:00.000Z',304,376.0935576151388,true,1.480683297697397,254);
INSERT INTO "YearlyProfitDistribution" ("id","financialYearId","amount","percentage","createdAt","investorId","totalProfit","isRollover","dailyProfit","daysSoFar") VALUES (2122,77,4683,2.017001981575464,'2023-02-15T22:00:00.000Z',305,201.7001981575463,true,0.7940952683367966,254);
INSERT INTO "YearlyProfitDistribution" ("id","financialYearId","amount","percentage","createdAt","investorId","totalProfit","isRollover","dailyProfit","daysSoFar") VALUES (2123,77,270,0.1162909534540626,'2023-01-30T22:00:00.000Z',306,11.62909534540626,true,0.04578383994254433,254);
INSERT INTO "YearlyProfitDistribution" ("id","financialYearId","amount","percentage","createdAt","investorId","totalProfit","isRollover","dailyProfit","daysSoFar") VALUES (2124,77,197,0.0848493252979642,'2022-02-04T22:00:00.000Z',307,8.48493252979642,true,0.03340524618030087,254);
INSERT INTO "YearlyProfitDistribution" ("id","financialYearId","amount","percentage","createdAt","investorId","totalProfit","isRollover","dailyProfit","daysSoFar") VALUES (2125,77,4647,2.001496521114922,'2024-05-08T21:00:00.000Z',308,200.1496521114922,true,0.7879907563444575,254);
INSERT INTO "YearlyProfitDistribution" ("id","financialYearId","amount","percentage","createdAt","investorId","totalProfit","isRollover","dailyProfit","daysSoFar") VALUES (2126,77,9632,4.14857208766493,'2020-09-11T22:00:00.000Z',309,414.857208766493,true,1.633296097505878,254);
INSERT INTO "YearlyProfitDistribution" ("id","financialYearId","amount","percentage","createdAt","investorId","totalProfit","isRollover","dailyProfit","daysSoFar") VALUES (2127,77,6055,2.607932308016108,'2024-11-18T22:00:00.000Z',310,260.7932308016108,true,1.026745003155948,254);
INSERT INTO "YearlyProfitDistribution" ("id","financialYearId","amount","percentage","createdAt","investorId","totalProfit","isRollover","dailyProfit","daysSoFar") VALUES (2128,77,861,0.3708389293479552,'2023-09-27T21:00:00.000Z',311,37.08389293479552,true,0.1459995784834469,254);
INSERT INTO "YearlyProfitDistribution" ("id","financialYearId","amount","percentage","createdAt","investorId","totalProfit","isRollover","dailyProfit","daysSoFar") VALUES (2129,77,9912,4.269170113469143,'2021-05-14T22:00:00.000Z',313,426.9170113469143,true,1.680775635224072,254);
INSERT INTO "YearlyProfitDistribution" ("id","financialYearId","amount","percentage","createdAt","investorId","totalProfit","isRollover","dailyProfit","daysSoFar") VALUES (2130,77,7782,3.351763702887093,'2022-01-12T22:00:00.000Z',314,335.1763702887093,true,1.319592009010667,254);
INSERT INTO "YearlyProfitDistribution" ("id","financialYearId","amount","percentage","createdAt","investorId","totalProfit","isRollover","dailyProfit","daysSoFar") VALUES (2131,78,9183,3.826026815102453,'2021-01-20T22:00:00.000Z',266,3826.026815102452,true,382.6026815102452,10);
INSERT INTO "YearlyProfitDistribution" ("id","financialYearId","amount","percentage","createdAt","investorId","totalProfit","isRollover","dailyProfit","daysSoFar") VALUES (2132,78,2259,0.9411950969526777,'2022-01-02T22:00:00.000Z',267,941.1950969526777,true,94.11950969526777,10);
INSERT INTO "YearlyProfitDistribution" ("id","financialYearId","amount","percentage","createdAt","investorId","totalProfit","isRollover","dailyProfit","daysSoFar") VALUES (2133,78,7958,3.315639921004608,'2020-05-17T22:00:00.000Z',268,3315.639921004608,true,331.5639921004608,10);
INSERT INTO "YearlyProfitDistribution" ("id","financialYearId","amount","percentage","createdAt","investorId","totalProfit","isRollover","dailyProfit","daysSoFar") VALUES (2134,78,1417,0.590382227703384,'2020-05-12T22:00:00.000Z',269,590.3822277033839,true,59.03822277033839,10);
INSERT INTO "YearlyProfitDistribution" ("id","financialYearId","amount","percentage","createdAt","investorId","totalProfit","isRollover","dailyProfit","daysSoFar") VALUES (2135,78,2840,1.183264309581941,'2021-11-11T22:00:00.000Z',270,1183.264309581941,true,118.3264309581941,10);
INSERT INTO "YearlyProfitDistribution" ("id","financialYearId","amount","percentage","createdAt","investorId","totalProfit","isRollover","dailyProfit","daysSoFar") VALUES (2136,78,9726,4.052263617955619,'2023-05-12T21:00:00.000Z',271,4052.263617955619,true,405.2263617955619,10);
INSERT INTO "YearlyProfitDistribution" ("id","financialYearId","amount","percentage","createdAt","investorId","totalProfit","isRollover","dailyProfit","daysSoFar") VALUES (2137,78,4509,1.878640412642596,'2024-09-25T21:00:00.000Z',272,1878.640412642596,true,187.8640412642596,10);
INSERT INTO "YearlyProfitDistribution" ("id","financialYearId","amount","percentage","createdAt","investorId","totalProfit","isRollover","dailyProfit","daysSoFar") VALUES (2138,78,3020,1.258259934837135,'2020-06-04T22:00:00.000Z',273,1258.259934837135,true,125.8259934837135,10);
INSERT INTO "YearlyProfitDistribution" ("id","financialYearId","amount","percentage","createdAt","investorId","totalProfit","isRollover","dailyProfit","daysSoFar") VALUES (2139,78,9509,3.961852225286858,'2024-11-22T22:00:00.000Z',274,3961.852225286858,true,396.1852225286858,10);
INSERT INTO "YearlyProfitDistribution" ("id","financialYearId","amount","percentage","createdAt","investorId","totalProfit","isRollover","dailyProfit","daysSoFar") VALUES (2140,78,4505,1.876973843192481,'2024-09-15T21:00:00.000Z',275,1876.973843192481,true,187.6973843192481,10);
INSERT INTO "YearlyProfitDistribution" ("id","financialYearId","amount","percentage","createdAt","investorId","totalProfit","isRollover","dailyProfit","daysSoFar") VALUES (2141,78,4572,1.904888881481914,'2021-11-09T22:00:00.000Z',276,1904.888881481914,true,190.4888881481914,10);
INSERT INTO "YearlyProfitDistribution" ("id","financialYearId","amount","percentage","createdAt","investorId","totalProfit","isRollover","dailyProfit","daysSoFar") VALUES (2142,78,3362,1.400751622822002,'2022-03-31T22:00:00.000Z',277,1400.751622822002,true,140.0751622822002,10);
INSERT INTO "YearlyProfitDistribution" ("id","financialYearId","amount","percentage","createdAt","investorId","totalProfit","isRollover","dailyProfit","daysSoFar") VALUES (2143,78,700,0.2916496537701967,'2023-09-28T21:00:00.000Z',278,291.6496537701967,true,29.16496537701967,10);
INSERT INTO "YearlyProfitDistribution" ("id","financialYearId","amount","percentage","createdAt","investorId","totalProfit","isRollover","dailyProfit","daysSoFar") VALUES (2144,78,5496,2.289866424458573,'2020-01-12T22:00:00.000Z',279,2289.866424458573,true,228.9866424458573,10);
INSERT INTO "YearlyProfitDistribution" ("id","financialYearId","amount","percentage","createdAt","investorId","totalProfit","isRollover","dailyProfit","daysSoFar") VALUES (2145,78,9469,3.945186530785704,'2023-11-06T22:00:00.000Z',280,3945.186530785704,true,394.5186530785704,10);
INSERT INTO "YearlyProfitDistribution" ("id","financialYearId","amount","percentage","createdAt","investorId","totalProfit","isRollover","dailyProfit","daysSoFar") VALUES (2146,78,2083,0.8678660411475997,'2022-04-07T22:00:00.000Z',281,867.8660411475997,true,86.78660411475997,10);
INSERT INTO "YearlyProfitDistribution" ("id","financialYearId","amount","percentage","createdAt","investorId","totalProfit","isRollover","dailyProfit","daysSoFar") VALUES (2147,78,6581,2.741923387802379,'2022-11-16T22:00:00.000Z',282,2741.923387802378,true,274.1923387802378,10);
INSERT INTO "YearlyProfitDistribution" ("id","financialYearId","amount","percentage","createdAt","investorId","totalProfit","isRollover","dailyProfit","daysSoFar") VALUES (2148,78,565,0.2354029348288016,'2022-07-13T22:00:00.000Z',283,235.4029348288016,true,23.54029348288017,10);
INSERT INTO "YearlyProfitDistribution" ("id","financialYearId","amount","percentage","createdAt","investorId","totalProfit","isRollover","dailyProfit","daysSoFar") VALUES (2149,78,5274,2.197371819977168,'2020-06-21T22:00:00.000Z',284,2197.371819977168,true,219.7371819977168,10);
INSERT INTO "YearlyProfitDistribution" ("id","financialYearId","amount","percentage","createdAt","investorId","totalProfit","isRollover","dailyProfit","daysSoFar") VALUES (2150,78,4028,1.678235436266218,'2022-05-07T22:00:00.000Z',285,1678.235436266218,true,167.8235436266218,10);
INSERT INTO "YearlyProfitDistribution" ("id","financialYearId","amount","percentage","createdAt","investorId","totalProfit","isRollover","dailyProfit","daysSoFar") VALUES (2151,78,8333,3.471880806952928,'2024-12-17T22:00:00.000Z',286,3471.880806952927,true,347.1880806952927,10);
INSERT INTO "YearlyProfitDistribution" ("id","financialYearId","amount","percentage","createdAt","investorId","totalProfit","isRollover","dailyProfit","daysSoFar") VALUES (2152,78,9885,4.118509753597706,'2020-05-04T22:00:00.000Z',287,4118.509753597707,true,411.8509753597706,10);
INSERT INTO "YearlyProfitDistribution" ("id","financialYearId","amount","percentage","createdAt","investorId","totalProfit","isRollover","dailyProfit","daysSoFar") VALUES (2153,78,1474,0.6141308423675286,'2021-06-16T22:00:00.000Z',315,614.1308423675285,true,61.41308423675285,10);
INSERT INTO "YearlyProfitDistribution" ("id","financialYearId","amount","percentage","createdAt","investorId","totalProfit","isRollover","dailyProfit","daysSoFar") VALUES (2154,78,6154,2.564017099002558,'2025-07-29T21:00:00.000Z',288,2564.017099002558,true,256.4017099002558,10);
INSERT INTO "YearlyProfitDistribution" ("id","financialYearId","amount","percentage","createdAt","investorId","totalProfit","isRollover","dailyProfit","daysSoFar") VALUES (2155,78,3534,1.472414109176965,'2021-01-09T22:00:00.000Z',289,1472.414109176965,true,147.2414109176965,10);
INSERT INTO "YearlyProfitDistribution" ("id","financialYearId","amount","percentage","createdAt","investorId","totalProfit","isRollover","dailyProfit","daysSoFar") VALUES (2156,78,6192,2.579849508778655,'2022-06-15T22:00:00.000Z',290,2579.849508778655,true,257.9849508778655,10);
INSERT INTO "YearlyProfitDistribution" ("id","financialYearId","amount","percentage","createdAt","investorId","totalProfit","isRollover","dailyProfit","daysSoFar") VALUES (2157,78,4935,2.056130059079887,'2025-02-08T22:00:00.000Z',291,2056.130059079887,true,205.6130059079887,10);
INSERT INTO "YearlyProfitDistribution" ("id","financialYearId","amount","percentage","createdAt","investorId","totalProfit","isRollover","dailyProfit","daysSoFar") VALUES (2158,78,1804,0.7516228220020499,'2020-12-26T22:00:00.000Z',292,751.6228220020499,true,75.162282200205,10);
INSERT INTO "YearlyProfitDistribution" ("id","financialYearId","amount","percentage","createdAt","investorId","totalProfit","isRollover","dailyProfit","daysSoFar") VALUES (2159,78,4642,1.934053846858933,'2025-04-19T22:00:00.000Z',293,1934.053846858933,true,193.4053846858933,10);
INSERT INTO "YearlyProfitDistribution" ("id","financialYearId","amount","percentage","createdAt","investorId","totalProfit","isRollover","dailyProfit","daysSoFar") VALUES (2160,78,5930,2.470689209796095,'2020-10-08T22:00:00.000Z',294,2470.689209796095,true,247.0689209796095,10);
INSERT INTO "YearlyProfitDistribution" ("id","financialYearId","amount","percentage","createdAt","investorId","totalProfit","isRollover","dailyProfit","daysSoFar") VALUES (2161,78,3952,1.646570616714025,'2021-04-10T22:00:00.000Z',295,1646.570616714025,true,164.6570616714025,10);
INSERT INTO "YearlyProfitDistribution" ("id","financialYearId","amount","percentage","createdAt","investorId","totalProfit","isRollover","dailyProfit","daysSoFar") VALUES (2162,78,9197,3.831859808177857,'2022-05-22T22:00:00.000Z',296,3831.859808177856,true,383.1859808177857,10);
INSERT INTO "YearlyProfitDistribution" ("id","financialYearId","amount","percentage","createdAt","investorId","totalProfit","isRollover","dailyProfit","daysSoFar") VALUES (2163,78,2987,1.244510736873683,'2020-01-10T22:00:00.000Z',297,1244.510736873682,true,124.4510736873682,10);
INSERT INTO "YearlyProfitDistribution" ("id","financialYearId","amount","percentage","createdAt","investorId","totalProfit","isRollover","dailyProfit","daysSoFar") VALUES (2164,78,4065,1.693651203679785,'2024-06-10T21:00:00.000Z',298,1693.651203679785,true,169.3651203679785,10);
INSERT INTO "YearlyProfitDistribution" ("id","financialYearId","amount","percentage","createdAt","investorId","totalProfit","isRollover","dailyProfit","daysSoFar") VALUES (2165,78,3107,1.294507820377145,'2024-09-28T21:00:00.000Z',299,1294.507820377145,true,129.4507820377144,10);
INSERT INTO "YearlyProfitDistribution" ("id","financialYearId","amount","percentage","createdAt","investorId","totalProfit","isRollover","dailyProfit","daysSoFar") VALUES (2166,78,5158,2.149041305923821,'2023-11-23T22:00:00.000Z',300,2149.041305923821,true,214.9041305923821,10);
INSERT INTO "YearlyProfitDistribution" ("id","financialYearId","amount","percentage","createdAt","investorId","totalProfit","isRollover","dailyProfit","daysSoFar") VALUES (2167,78,3560,1.483246810602715,'2024-04-02T22:00:00.000Z',301,1483.246810602715,true,148.3246810602715,10);
INSERT INTO "YearlyProfitDistribution" ("id","financialYearId","amount","percentage","createdAt","investorId","totalProfit","isRollover","dailyProfit","daysSoFar") VALUES (2168,78,2408,1.003274808969477,'2024-10-21T21:00:00.000Z',302,1003.274808969477,true,100.3274808969477,10);
INSERT INTO "YearlyProfitDistribution" ("id","financialYearId","amount","percentage","createdAt","investorId","totalProfit","isRollover","dailyProfit","daysSoFar") VALUES (2169,78,2870,1.195763580457807,'2022-07-23T22:00:00.000Z',303,1195.763580457807,true,119.5763580457807,10);
INSERT INTO "YearlyProfitDistribution" ("id","financialYearId","amount","percentage","createdAt","investorId","totalProfit","isRollover","dailyProfit","daysSoFar") VALUES (2170,78,8732,3.63812110960194,'2023-03-16T22:00:00.000Z',304,3638.12110960194,true,363.812110960194,10);
INSERT INTO "YearlyProfitDistribution" ("id","financialYearId","amount","percentage","createdAt","investorId","totalProfit","isRollover","dailyProfit","daysSoFar") VALUES (2171,78,4683,1.951136183722616,'2023-02-15T22:00:00.000Z',305,1951.136183722616,true,195.1136183722616,10);
INSERT INTO "YearlyProfitDistribution" ("id","financialYearId","amount","percentage","createdAt","investorId","totalProfit","isRollover","dailyProfit","daysSoFar") VALUES (2172,78,270,0.1124934378827902,'2023-01-30T22:00:00.000Z',306,112.4934378827902,true,11.24934378827902,10);
INSERT INTO "YearlyProfitDistribution" ("id","financialYearId","amount","percentage","createdAt","investorId","totalProfit","isRollover","dailyProfit","daysSoFar") VALUES (2173,78,197,0.08207854541818393,'2022-02-04T22:00:00.000Z',307,82.07854541818394,true,8.207854541818394,10);
INSERT INTO "YearlyProfitDistribution" ("id","financialYearId","amount","percentage","createdAt","investorId","totalProfit","isRollover","dailyProfit","daysSoFar") VALUES (2174,78,4647,1.936137058671578,'2024-05-08T21:00:00.000Z',308,1936.137058671578,true,193.6137058671578,10);
INSERT INTO "YearlyProfitDistribution" ("id","financialYearId","amount","percentage","createdAt","investorId","totalProfit","isRollover","dailyProfit","daysSoFar") VALUES (2175,78,9632,4.013099235877907,'2020-09-11T22:00:00.000Z',309,4013.099235877907,true,401.3099235877907,10);
INSERT INTO "YearlyProfitDistribution" ("id","financialYearId","amount","percentage","createdAt","investorId","totalProfit","isRollover","dailyProfit","daysSoFar") VALUES (2176,78,6055,2.522769505112202,'2024-11-18T22:00:00.000Z',310,2522.769505112202,true,252.2769505112202,10);
INSERT INTO "YearlyProfitDistribution" ("id","financialYearId","amount","percentage","createdAt","investorId","totalProfit","isRollover","dailyProfit","daysSoFar") VALUES (2177,78,861,0.358729074137342,'2023-09-27T21:00:00.000Z',311,358.729074137342,true,35.8729074137342,10);
INSERT INTO "YearlyProfitDistribution" ("id","financialYearId","amount","percentage","createdAt","investorId","totalProfit","isRollover","dailyProfit","daysSoFar") VALUES (2178,78,9912,4.129759097385985,'2021-05-14T22:00:00.000Z',313,4129.759097385986,true,412.9759097385986,10);
INSERT INTO "YearlyProfitDistribution" ("id","financialYearId","amount","percentage","createdAt","investorId","totalProfit","isRollover","dailyProfit","daysSoFar") VALUES (2179,78,7782,3.24231086519953,'2022-01-12T22:00:00.000Z',314,3242.31086519953,true,324.231086519953,10);
INSERT INTO "Settings" ("id","userId","defaultCurrency","USDtoIQD","timezone") VALUES (1,1,'USD',1310.85,'Asia/Baghdad');
